,Name,Album,Artist
,,,
1,Brazil nut,Bertholletia excelsa,Nuts
2,Common beet,Beta vulgaris,Vegetables
3,Borage,Borago officinalis,Herbs and Spices
4,Chinese mustard,Brassica juncea,Vegetables
5,Swede,Brassica napus,Vegetables
6,Rape,Brassica napus var. napus,Vegetables
7,Common cabbage,Brassica oleracea,Vegetables
8,Cauliflower,Brassica oleracea var. botrytis,Vegetables
9,Brussel sprouts,Brassica oleracea var. gemmifera,Vegetables
10,Kohlrabi,Brassica oleracea var. gongylodes,Vegetables
11,Broccoli,Brassica oleracea var. italica,Vegetables
12,Chinese cabbage,Brassica rapa,Vegetables
13,Turnip,Brassica rapa var. rapa,Herbs and Spices
14,Pigeon pea,Cajanus cajan,Pulses
15,Tea,Camellia sinensis,Teas
16,Capers,Capparis spinosa,Herbs and Spices
17,Pepper (C. annuum),Capsicum annuum,Vegetables
18,Papaya,Carica papaya,Fruits
19,Safflower,Carthamus tinctorius,Herbs and Spices
20,Caraway,Carum carvi,Herbs and Spices
21,Pecan nut,Carya illinoinensis,Nuts
22,Chestnut,Castanea,Nuts
23,Roman camomile,Chamaemelum nobile,Herbs and Spices
24,Chickpea,Cicer arietinum,Pulses
25,Endive,Cichorium endivia,Vegetables
26,Chicory,Cichorium intybus,Vegetables
27,Chinese cinnamon,Cinnamomum aromaticum,Herbs and Spices
28,Ceylon cinnamon,Cinnamomum verum,Herbs and Spices
29,Watermelon,Citrullus lanatus,Gourds
Fruits,dssad,Fruits
Angry,Fruits
